stock_ticker,sic
0051B,6099
0051B,6099
1974B,4210
1974B,4210
2091B,7389
2373B,5940
3688B,6211
3CCIKO,6798
3CCIKO,6798
3OTRKA,3711
3UALAQ,4512
3WWYWB,2060
4741B,2060
4741B,2060
4764B,3021
4764B,3021
4800B,4812
4910B,1531
5235B,6200
5235B,6200
5236B,6200
5236B,6200
5237B,6200
5237B,6200
5238B,6200
5238B,6200
6525B,2011
6712B,3674
6712B,3674
9297B,2844
9297B,2844
A,3826
A,3826
AA,3334
AAL,4512
AAMRQ,4512
AAP,5531
AAP,5531
AAPL,3663
AAPL,3663
ABBV,2836
ABGX,2836
ABMD,3841
ABNB,7000
ABT,3845
ABT,3845
ACAD,2836
ACAS,6797
ACE.PC,6331
ACF,6141
ACI,5411
ACS,7374
ACS,7374
ACT,6351
ADBE,7370
ADBE,7370
ADI,3674
ADI,3674
ADM,2070
ADM,2070
ADP,7374
ADP,7374
ADRX,5122
ADSK,7370
ADSK,7370
ADT,7380
ADTN,3661
AEE,4931
AEE,4931
AEF.3,6324
AEO,5600
AEO,5600
AEP,4911
AEP,4911
AEP.Z,4911
AEPPL,4911
AEPPZ,4911
AES,4991
AES,4991
AESC,4991
AET,6324
AET,6324
AFCI,3661
AFFX,3826
AFL,6321
AFL,6321
AFRM,6141
AFS,6141
AG.,1040
AGCO,3523
AGN,2834
AGN,2834
AGP,6324
AHC.2,1311
AI,7370
AIG,6331
AIG,6331
AIZ,6351
AJG,6411
AKAM,7370
AKAM,7370
AKS,3312
AKS,3312
ALB,2810
ALGN,3843
ALK,4512
ALKS,2836
ALL,6331
ALL,6331
ALLY,6172
ALNY,2836
ALR,8051
ALTR,7372
ALV,3714
ALXN,2836
AMAT,3559
AMAT,3559
AMC,7830
AMCC,3674
AMD,3674
AMD,3674
AME,3823
AMG,6282
AMG,6282
AMGN,2836
AMGN,2836
AMLN,2834
AMLN,2834
AMP,6282
AMP,6282
AMR,1220
AMT,6798
AMT,6798
AMTD,6200
AMZN,5961
AMZN,5961
ANAC,9995
ANAC.U,9995
ANAC.WS,9995
ANDV,2911
ANDW,3357
ANET,3576
ANF,5651
ANF,5651
ANN,5621
ANSS,7372
ANTX.2,6324
AOL,7370
AON,6411
AON,6411
APA,1311
APA,1311
APC,1311
APC,1311
APCC,2834
APD,2810
APD,2810
APE,7830
APH,3678
APH,3678
APHA,2834
APHA.,2834
APKT,3576
APLS,2834
APO,6282
APOL,8200
APOL,8200
APPN,7370
APPS,7372
AQNT,7310
AR,1311
ARBA,7372
ARBA,7372
ARC,7389
ARG,5084
ARMK,5812
ARNA,2836
ARNC,3350
ARTG,7372
ARUN,3576
ASAN,7370
ASDV,5812
ASFZ,6141
ASH,2820
ASH,2820
ASH.WI,2820
ASKJ,7370
ATHR,3674
ATI,3350
ATI,3350
ATML,3674
ATML,3674
ATP.,4991
ATUS,4841
ATVI,7372
ATVI,7372
AVGO,3674
AVLR,7370
AVNX,3661
AVP,2844
AVP,2844
AVT,5065
AVTR,3826
AVX,3670
AVY,2670
AWK,4941
AXLL,2810
AXON,3480
AXP,6141
AXP,6141
AYE,4911
AYI,3640
AYX,7370
AZO,5531
AZO,5531
BA,3721
BA,3721
BAC,6020
BAC,6020
BAC.PB,6020
BAC.PE,6020
BAC.PE,6020
BAC.PL,6020
BAC.PM,6020
BALL,3411
BAX,3841
BAX,3841
BBWI,5990
BBY,5731
BBY,5731
BCR,3841
BCR,3841
BDK,3540
BDK,3540
BDX,3841
BDX,3841
BE,3621
BEAM,2836
BEAS,7372
BEAV,2531
BEC,3826
BEL,7011
BEM,6211
BEN,6282
BEN,6282
BEP.1,5110
BEXP,1311
BFO,6726
BGC,6211
BGEN,2836
BGM.1,3711
BHI,1381
BHI,1381
BID,7389
BIIB,2836
BIIB,2836
BILL,7370
BJ,5399
BK,6020
BK,6020
BKD,8050
BKDT,8050
BKHT50,9997
BKNG,4700
BKR,1389
BKS,5940
BLDR,2452
BLK,6282
BLK,6282
BLS,4813
BLUE,2836
BMC,7372
BMC,7372
BMET,3842
BML.PG,6020
BML.PH,6020
BML.PH,6020
BML.PI,6020
BML.PJ,6020
BML.PJ,6020
BML.PL,6020
BML.PL,6020
BML.PN,6020
BML.PN,6020
BML.PO,6020
BML.PO,6020
BML.PQ,6020
BML.PQ,6020
BMRN,2836
BMY,2834
BMY,2834
BMYMP,2834
BMYMP,2834
BNI,4011
BNI,4011
BOL,2834
BR,7373
BR,7373
BRCD,3576
BRCD,3576
BRCM,3674
BRCM,3674
BRK.A,9997
BRK.A,9997
BRK.B,9997
BRK.B,9997
BRL,2834
BRR,5070
BRW,6726
BSX,3845
BSX,3845
BTU,1220
BTUUQ,1220
BTUUQ,1220
BUCY,3532
BUCY,3532
BUD,2082
BURL,5600
BVSN,7370
BWA,3714
BWA,3714
BWLD,5812
BX,6282
BYND,2030
BZH,1531
C,6199
C,6199
C.I,6199
C.PI,6199
CA,6722
CAG,2000
CAG,2000
CAH,5122
CAH,5122
CAL,5661
CAL,5661
CAM,3533
CAM,3533
CAR,7510
CARR,3585
CAT,3531
CAT,3531
CAVM,3576
CB,6331
CB,6331
CBE,3640
CBOE,6200
CBRE,6531
CBSS,6020
CC,2860
CCI,6798
CCI,6798
CCMP,2890
CCU,2082
CDE,1040
CDM.,1040
CDNS,7372
CDNS,7372
CDW,5045
CDWC,5045
CE,2860
CE,2860
CE.P,2860
CECO,3564
CEG,4911
CELG,2834
CELG,2834
CELH,2086
CEPH,2834
CEPH,2834
CERN,7373
CERN,7373
CF,2870
CF,2870
CFG,6020
CFLT,7372
CFN,3841
CGNX,3823
CHA,4813
CHD,2840
CHGG,7370
CHK,1311
CHKAQ,1311
CHKAQ,1311
CHPT,7500
CHRW,4213
CHRW,4213
CHS,5621
CHTR,4841
CHTR,4841
CHTRQ,4841
CHV,9995
CHV.U,9995
CHWY,5961
CI,6324
CI,6324
CIEN,3661
CIEN,3661
CIT,6020
CIT,6020
CITBQ,6020
CITGQ,6020
CKFR,7389
CL,2844
CL,2844
CLF,3310
CLF,3310
CLR,1311
CLR,1311
CLX,2842
CLX,2842
CMA,6020
CMA,6020
CMCSA,4841
CMCSA,4841
CMCSK,4841
CMCSK,4841
CME,6200
CME,6200
CMG,5812
CMI,3510
CMI,3510
CMOS,3825
CMS,4931
CMVT,7372
CNC,6324
CNC,6324
CNET,7310
CNP,4931
CNP,4931
CNQR,7372
CNX,1311
CNX,1311
COF,6141
COF,6141
COHR,3827
COIN,6200
COL,3728
COL,3728
COMS,3663
COO,3851
COO,3851
COP,1311
COP,1311
COR,5122
CORV,2834
CORV.,2834
COST,5399
COST,5399
COTY,2844
COUP,7370
COX,4841
CPB,2030
CPB,2030
CPN,4991
CPN,4991
CPNG,5961
CPNLQ,4991
CPRT,5010
CRA,8731
CRL,8731
CRM,7372
CRM,7372
CROX,3021
CROX,3021
CRS,3312
CRUS,3674
CRUS,3674
CRWD,7370
CS,6211
CSCO,3576
CSCO,3576
CSGP,7370
CSL,2950
CSTR,6020
CSX,4011
CSX,4011
CTAS,7200
CTAS,7200
CTLT,2834
CTRA,1311
CTSH,7370
CTSH,7370
CTV,7310
CTVA,100
CTXS,7372
CTXS,7372
CVC,4841
CVC,4841
CVG,7389
CVH,6324
CVH,6324
CVNA,5500
CVS,8000
CVS,8000
CVX,2911
CVX,2911
CXO,1311
CY,3674
CY,3674
CYH,8062
CYMI,3559
CYTC,3826
CZR,7990
D,4911
D,4911
DAL,4512
DAL,4512
DALRQ,4512
DASH,7370
DATA,7372
DBX,7370
DCLK,7372
DCUE,4911
DD,2820
DD,2820
DDD,3559
DDOG,7370
DE,3523
DE,3523
DECK,3021
DELL,3571
DELL.1,3571
DELL.1,3571
DFS,6141
DFS,6141
DG,5331
DG,5331
DG.1,5331
DGX,8071
DGX,8071
DHI,1531
DHI,1531
DHR,3826
DHR,3826
DHR.PB,3826
DIGL,3669
DIS,4888
DIS,4888
DISCB,4841
DISCK,4841
DISH,4841
DISH,4841
DITC,3663
DJ,2711
DKE,4931
DKNG,7990
DKS,5940
DLM,2040
DLTR,5331
DLTR,5331
DO,1381
DOCN,7370
DOCU,7370
DOFSQ,1381
DOFSQ,1381
DOV,3559
DOV,3559
DOV.WI,3559
DOW,2821
DOWJB,2711
DPS,2086
DPZ,5812
DRC,3510
DRI,5812
DRI,5812
DRYR,2024
DST,7374
DT,7370
DTE,4931
DTE,4931
DTE.PB,4931
DTP,4931
DUK,4931
DUK,4931
DV,7372
DVA,8090
DVA,8090
DVN,1311
DVN,1311
DXC,7370
DXCM,3845
EA,7372
EAT,5812
EBAY,5961
EBAY,5961
ECL,2842
ECL,2842
ECN.1,6211
ED,4931
ED,4931
EFNT,3661
EFX,7323
EIX,4911
EIX,4911
EL,2844
EL,2844
ELAN,2834
ELAT,2834
ELF,2844
ELNK,7370
ELNT,3674
ELON,3576
ELV,6324
ELX,3576
EMC,6722
EMN,2800
EMN,2800
EMR,3823
EMR,3823
ENPH,3674
ENTG,3559
ENTU,7372
ENZN,2836
EOG,1311
EOG,1311
EP,1311
EP,1311
EPAM,7370
EPB.2,4931
EPNY,7372
EQIX,6798
EQIX,6798
EQT,1311
EQT,1311
ES,4931
ESI,2890
ESRX,5912
ESRX,5912
ESTX.1,6211
ET,4922
ETFC,6211
ETFC,6211
ETFCP,6211
ETN,3620
ETN,3620
ETR,4911
ETR,4911
ETS,3576
ETSY,7370
EVHC,8011
EVRG,4931
EW,3842
EXAS,8731
EXC,4911
EXC,4911
EXEL,2836
EXP,3270
EXP.B,3270
EXP.I,3270
EXPD,4731
EXPD,4731
EXPE,4700
EXPE,4700
EXPE.,4700
EXTR,3576
F,3711
F,3711
FANG,1311
FAST,5000
FAST,5000
FBF,6020
FCEL,3690
FCN,8721
FCNCA,6020
FCNCB,6020
FCS,3674
FCX,1000
FCX,1000
FCX.A,1000
FDC,7374
FDC.2,7374
FDO,5331
FDO,5331
FDRY,3576
FDS,7370
FDX,4513
FDX,4513
FE,4911
FE,4911
FFIV,7373
FFIV,7373
FHN,6020
FI,7389
FICO,7373
FIO,3572
FIS,7374
FIS,7374
FIT,3663
FITB,6020
FITB,6020
FIVE,5331
FIVN,7370
FJ,2621
FL,5661
FL,5661
FLC,6726
FLIR,3812
FLR,1600
FLR,1600
FLRAP,1600
FLS,3561
FLS,3561
FMC,2870
FMD,6141
FMO,6726
FND,5211
FNF,6361
FNF,6361
FNSR,3577
FNSR,3577
FOSL,3873
FOX,4833
FOXA,4833
FPL,6726
FR.WT,1040
FRX,9995
FRX.U,9995
FSLR,3674
FSLR,3674
FSLY,7370
FST,9995
FST.U,9995
FTI,1389
FTNT,7372
FTO,2911
FTV,3829
FUBO,7370
G,7374
GCI,2711
GD,3721
GD,3721
GDDY,7370
GDI.2,3560
GDI.2,3560
GDT,3841
GDW,6035
GDY,6211
GE,9997
GE,9997
GEN,7372
GENZ,2836
GENZ,2836
GES,2330
GH,2835
GILD,2836
GILD,2836
GIS,2040
GIS,2040
GIT.3,6211
GIT.3,6211
GLW,3679
GLW,3679
GM,3711
GM.1,3711
GMCR,2080
GMCR,2080
GME,5734
GME,5734
GME.B,5734
GMM.U,3711
GMS.1,3711
GMST,4841
GNRC,3621
GNW,6311
GNW,6311
GNW20,6311
GOOG,7370
GOOGL,7370
GOOGL,7370
GPC,5013
GPN,7374
GPOR,1311
GPORQ,1311
GPRO,3861
GPT,6798
GR,3728
GR,3728
GRPN,5960
GS,6211
GS,6211
GSB,7372
GT,3011
GT,3011
GTE,1311
GTE.,1311
GTK,7370
GTKYY,7990
GTKYY,7990
GTS,6324
GTW,3571
GWW,5000
GWW,5000
GXP,4911
GXP.PF,4911
GYI,7330
HAL,1389
HAL,1389
HAR,3651
HAR,3651
HAS,3944
HAS,3944
HBAN,6020
HBAN,6020
HBI,2300
HCA,8062
HCA.2,8062
HCBK,6035
HCBK,6035
HD,5211
HD,5211
HDS,5000
HES,1311
HES,1311
HEW,7374
HGM,3711
HGSI,2835
HGSI,2835
HI,3530
HIB,6020
HIG,6331
HIG,6331
HIG.PG,6331
HII,3730
HL,1040
HLIT,3663
HLNQ,7011
HLT,7011
HLT.1,7011
HLX,1389
HMA,9995
HMA.U,9995
HNT,6324
HNZ,2030
HNZ,2030
HOG,3751
HOG,3751
HOLX,3844
HOLX,3844
HON,9997
HON,9997
HON.WI,9997
HOOD,6211
HOT,7011
HOT,7011
HOV,1531
HOVNP,1531
HOVVB,1531
HP,1381
HP,1381
HPE,3571
HPE.WI,3571
HPE.WI.1,3571
HPQ,3570
HPQ,3570
HRB,7200
HRB,7200
HRC,2590
HRI,7350
HRL,2011
HSH,2013
HSIC,5047
HSIC,5047
HSP,2834
HSY,2060
HSY,2060
HTZ,7510
HTZGQ,7510
HUB.A,3640
HUBB,3640
HUBS,7370
HUM,6324
HUM,6324
HUN,2860
HYLN,3711
IAC,7370
IACB.U,7310
IBM,7370
IBM,7370
ICE,6200
ICE,6200
ICIX,4813
ICN,6722
ICOS,2834
ICPT,2836
ICST,3674
IDCC,6794
IDTI,3674
IDTI,3674
IDXX,2835
IFF,2860
IFFT,2860
IFMX,3845
IGT,7990
ILMN,3826
ILMN,3826
IMNX,2836
IMS,8700
INCY,2836
INCY,2836
INFA,7370
INO,2836
INTC,3674
INTC,3674
INTU,7372
INTU,7372
IONS,2836
IP,2631
IP,2631
IPG,7311
IPG,7311
IPGP,3674
IPHI,3674
IQV,8731
IR,3560
IRF,3674
IRM,6798
ISIL,3674
ISRG,3845
ISRG,3845
ISSX,7372
IT,8700
ITC,4911
ITMN,2836
ITT,3561
ITT,3561
ITW,3560
ITW,3560
IWOV,7372
JAH,3089
JBHT,4213
JBHT,4213
JBL,3672
JBL,3672
JBLU,4512
JBLU,4512
JCG,5621
JCI,3585
JCI,3585
JCI.PZ,3585
JCI.PZ,3585
JHF,6311
JNJ,2834
JNJ,2834
JNPR,3576
JNPR,3576
JNS,6282
JNY,2330
JOE,7011
JOY,3532
JPM,6020
JPM,6020
JPM.PD,6020
JPM.PJ,6020
JUNO,2836
JWN,5651
JWN,5651
K,2040
K,2040
KATE,2300
KBH,1531
KBR,7370
KCI,2836
KCI,2836
KDP,2080
KEI,3825
KEINB,3825
KEY,6020
KEY,6020
KEYS,3825
KG,2834
KG,2834
KHC,2030
KITE,2836
KKD,5400
KKR,6282
KKR.PC,6282
KLAC,3827
KLAC,3827
KMB,2621
KMB,2621
KMG,2860
KMI,4923
KMI.1,4923
KMX,5500
KMX,5500
KNX,4213
KO,2086
KO,2086
KR,5411
KR,5411
KRB,6020
KRFT,2000
KRI,2711
KSS,5311
KSS,5311
KSU,4011
KSU,4011
KSU.P,4011
L,6331
L,6331
LAD,5500
LAMR,6798
LAZR,3714
LBRDA,4812
LBRDB,4812
LBRDK,4812
LBTYA,4841
LBTYA,4841
LBTYB,4841
LBTYB,4841
LBTYK,4841
LBTYK,4841
LCC,4512
LCC,4512
LCID,3711
LDOS,7373
LEA,2531
LEA,2531
LEARQ,2531
LEN,1531
LEN,1531
LEN.B,1531
LEN.B,1531
LH,8071
LH,8071
LHX,3812
LITE,3576
LLL.,2300
LLTC,3674
LLTC,3674
LLY,2834
LLY,2834
LM,6282
LM,6282
LMDIA,4841
LMDIB,4841
LMND,6331
LMT,3760
LMT,3760
LNC,6311
LNC,6311
LNC.P,6311
LNC.PD,6311
LNCR,8090
LNG,1311
LNKD,7370
LO,2111
LO,2111
LOGM,7370
LOW,5211
LOW,5211
LPLA,6211
LRCX,3559
LRCX,3559
LSCC,3674
LSCC,3674
LSI,6798
LSI,6798
LULU,2300
LUMN,4813
LUV,4512
LUV,4512
LVGO,3845
LVLT,4813
LVLT,4813
LVS,7990
LVS,7990
LW,2030
LXK,3577
LXK,3577
LYFT,4100
LYO,2860
LYV,7900
LZ,8111
M,5311
M,5311
MA,7389
MA,7389
MAN,7363
MAR,7011
MAR,7011
MARA,7370
MAS,3430
MAS,3430
MASI,3845
MAT,3942
MAT,3942
MATK,2833
MAY,6726
MBI,6351
MCD,5812
MCD,5812
MCHP,3674
MCHP,3674
MCIP,4813
MCK,5122
MCK,5122
MCO,7323
MCO,7323
MDB,7370
MDC,1531
MDCO,2834
MDLZ,2052
MDT,3845
MDT,3845
MDVN,2836
ME,8071
MEE,1220
MEE,1220
MELI,5960
MER,6211
MET,6311
MET,6311
MET.PA,6311
MET.PF,6311
META,7370
MEU,6311
MFE,7372
MFE,7372
MGG,4610
MGM,7990
MGM,7990
MGNI,7310
MHK,2273
MHK,2273
MHS,5912
MHS,5912
MI,7370
MIK.1,5945
MJN,2020
MKC,2090
MKC.V,2090
MKTX,6200
MLM,1400
MLM,1400
MLNM,2835
MMC,6411
MMC,6411
MMI,6531
MMM,9997
MMM,9997
MNKD,2836
MNST,2086
MNST,2086
MO,2111
MO,2111
MOGN,2834
MOH,6324
MOLX,3678
MOLXA,3678
MON,9995
MONCU,9995
MOS,2870
MOS,2870
MOS.P.,2870
MP,1090
MPC,2911
MPF.,6211
MPWR,3674
MRK,2834
MRK,2834
MRK.WI,2834
MRNA,2836
MRO,1311
MRO,1311
MRVC,3661
MRVL,3674
MS,6211
MS,6211
MS.PP,6211
MSCC,3674
MSCI,6282
MSFT,7372
MSFT,7372
MSI,3663
MSTR,7372
MSTR,7372
MTB,6020
MTB,6020
MTB.PH,6020
MTCH,7370
MTD,3826
MTG,6351
MTG,6351
MTLQQ,3711
MTLQQ,3711
MTW,3530
MU,3674
MU,3674
MUR,1311
MUR,1311
MUSE,7372
MVK,3317
MVL,6794
MXIM,3674
MXIM,3674
MXO,3572
MYG,6722
MYGN,2835
N,7373
NAV,3711
NAV,3711
NBIX,2836
NBL,1311
NBL,1311
NBR,1381
NCC,6020
NCEN,4991
NDAQ,6200
NDAQ,6200
NEBLQ.1,1381
NEE,4911
NEE.PO,4911
NEE.PP,4911
NEE.PQ,4911
NEE.PQ.1,4911
NEE.PR,4911
NEM,1040
NEM,1040
NEMUF,1040
NEMUF,1040
NEON,3663
NET,7370
NETL,6722
NFB,6020
NFLX,7841
NFLX,7841
NFX,1311
NFX,1311
NGT.,1040
NI,4932
NI,4932
NI.PB.,4932
NIHD,4812
NIHDQ,4812
NIHDQ,4812
NIMC,4932
NKE,3021
NKE,3021
NKLA,3711
NKTR,2834
NLC,2890
NNS,3730
NOC,3812
NOC,3812
NOC.PE,3812
NOV,3533
NOV,3533
NOVL,7370
NOW,7372
NRG,4911
NRG,4911
NSC,4011
NSC,4011
NSCN,3576
NSE.2,4932
NSM,6162
NTAP,3572
NTAP,3572
NTIQ,7372
NTLA,2836
NTNX,7370
NTRI,5961
NTRO,1311
NTRS,6020
NTRS,6020
NTY,2834
NU,6020
NUAG.,1040
NUAN,7372
NUBIU,3690
NUE,3312
NUE,3312
NUS,2844
NVAX,2836
NVDA,3674
NVDA,3674
NVE,4911
NVLS,2836
NVR,1531
NVR,1531
NWL,3630
NWL,3630
NWS,2711
NWSA,2711
NXTL,4812
NYT,2711
NYTAB,2711
OC,3290
OCR,5912
OCR,5912
ODFL,4213
ODP,5940
ODP,5940
OHP,6324
OI,3221
OI,3221
OI.PA,3221
OII,1389
OIS,3533
OKE,4923
OKTA,7370
OLED,3674
OLLI,5331
OMC,7311
OMC,7311
OMKT,7372
OMPT,4812
OMX,5110
ON,3674
ONCE,2836
ONIS,3661
ONXX,2834
OPEN,6531
ORCL,7372
ORCL,7372
ORL.1,1311
ORLY,5531
ORLY,5531
OSIP,2835
OSIP,2835
OSK,3711
OSK,3711
OTIS,3530
OVER,7370
OVTI,3674
OVV,1311
OVV.,1311
OXY,1311
OXY,1311
P,7370
PALM,3571
PALM,3571
PANW,7370
PARA,4833
PARAA,4833
PATH,7372
PAY,7374
PAYC,7370
PAYX,8721
PAYX,8721
PBCT,6020
PBCT,6020
PBG,2086
PBG,2086
PBI,4210
PBI,4210
PBOWN,4210
PBYI,2836
PCAR,3711
PCAR,3711
PCG,4931
PCG,4931
PCGU,4931
PCP,3728
PCP,3728
PCS,4812
PCS,4812
PCX,9995
PCXCU,9995
PCYC,2835
PDCO,5047
PDE,1381
PDE,1381
PDLI,2836
PE,1311
PE.PA,4911
PE.PB,4911
PE.PC,4911
PE.PD,4911
PEB,6798
PEG,4931
PEG,4931
PEN,3841
PENN,7990
PEP,2080
PEP,2080
PETM,5990
PETM,5990
PF,2030
PFE,2834
PFE,2834
PFG,6282
PFG,6282
PFG.PB,6282
PFPT,7372
PG,2840
PG,2840
PGR,6331
PGR,6331
PH,3490
PH,3490
PHM,1531
PHM,1531
PHS,6324
PII,3790
PII,3790
PINS,7370
PIXR,7812
PKG,2650
PLAN,7370
PLCM,3661
PLL,1400
PLL.2,1400
PLLTL,1400
PLMO,2836
PLNT,7997
PLP.Z,1311
PLP.Z,1311
PLTR,7370
PLUG,3674
PM,2111
PM,2111
PMCS,3674
PNC,6020
PNC,6020
PNC.PC,6020
PNC.PD,6020
PNC.PL,6020
PNC.PL,6020
PNRA,5812
PNU,6726
PODD,3845
POOL,5090
PPG,2851
PPG,2851
PPL,4911
PPL,4911
PRGO,2834
PRU,6311
PRU,6311
PRX,2834
PSX,2911
PTC,7372
PTEN,1381
PTEN,1381
PTON,7370
PTV,3089
PTV,3089
PVH,2300
PVN,6020
PWR,1731
PWR,1731
PX,6282
PXD,1311
PXD,1311
PXD.,1311
PXD.,1311
PXP,1311
PXP,1311
PYPL,7389
QCOM,3674
QCOM,3674
QCOR,2834
QDEL,2835
QLGC,3570
QRVO,3674
QS,3690
QTRN,8731
R,7510
RAH,2000
RAH,2000
RAI,2111
RAI,2111
RATL,7370
RAX,7370
RBAK,7373
RBK,3021
RBLX,7370
RCPT,2836
RDC,1381
RDC,1381
RDN,6351
REGN,2834
REI,1311
RF,6020
RF,6020
RGL.,6795
RGLD,6795
RH,5712
RHT,7372
RHT,7372
RIOT,7372
RIVN,3711
RJF,6211
RKT,6162
RL,2300
RL,2300
RLR,6311
RMBS,6794
RMBS,6794
RMD,3845
RNG,7370
RNWK,7370
ROH,2821
ROK,3620
ROK,3620
ROK920,3620
ROKU,4841
ROP,7370
ROST,5651
ROST,5651
RRC,1311
RRC,1311
RRD,2750
RRD.2,2750
RSG,4953
RSG,4953
RSPP,1311
RTN,3812
RTN,3812
RTN.A,3812
RTX,3724
RUN,3620
RVBD,3576
RX,8700
RX,8700
RYL,1531
S,7372
SAIA,4213
SAIL,7370
SAM,2082
SANM,3672
SAPE,7373
SAVE,4512
SBAC,6798
SBNY,6020
SBT.1,4812
SBUX,5812
SBUX,5812
SCCO,1000
SCG,4931
SCHW,6282
SCHW,6282
SCI,7200
SCMR,9995
SD,1311
SDLI,3674
SDOCQ,1311
SDS,6722
SE,7370
SEBL,7372
SEDG,3674
SEE,3081
SEE,3081
SEPR,2834
SFD,2013
SFIX,5961
SFSF,7372
SGEN,2836
SGI,3571
SGP,2834
SHAW,8711
SHLD,6722
SHW,2851
SHW,2851
SIAL,2833
SIAL,2833
SII,6282
SII.,6282
SII.,6282
SIRI,4832
SIRI,4832
SJM,2033
SJM,2033
SJM.B,2033
SKLZ,7370
SKX,3140
SLAB,3674
SLCA,1400
SLE,7370
SLM,6141
SLR,3672
SLR.PS,3672
SLX.2,2834
SLXP,2834
SM,1311
SMCI,3570
SMTC,3674
SNA,3420
SNAP,7370
SNDK,3572
SNDK,3572
SNI,4833
SNOW,7370
SNPS,7372
SNPS,7372
SNV,6020
SO,4911
SO,4911
SOA,2820
SOFI,6141
SOHU,7372
SOHU.1,7372
SOHU.1,7372
SOLN,4911
SONE,7373
SOTR,6020
SOV,6020
SOV.PA,6020
SPCE,4700
SPCE.U,4700
SPGI,7323
SPLK,7372
SPLS,5110
SPLS,5110
SPR,3728
SQ,7374
SRCL,4955
SRCL,4955
SRE,4923
SRE,4923
SRNE,2836
SRPT,2836
STI,3690
STJ,3845
STJ,3845
STLD,3312
STLD,3312
STN,8711
STN.,8711
STR,1311
STRA,8200
STRZA,4833
STRZB,4833
STT,6020
STT,6020
STZ,2082
STZ.B,2082
SUB,6722
SUG,4924
SUN,5172
SVU,5141
SWAV,3845
SWCM,7372
SWK,3540
SWKS,3674
SWN,1311
SWN,1311
SWP.2,3540
SWT,3540
SWY,5411
SWY,5411
SY,7370
SYF,6141
SYF.PA,6141
SYK,3841
SYK,3841
SYY,5140
SYY,5140
T,4812
T,4812
TAN,6722
TAP,2082
TAP,2082
TAP.,6331
TAP.A,2082
TAP.A,2082
TAP.AZ,6331
TAP.Z,2082
TAP.Z,2082
TAP.Z.,2082
TAP.Z.,2082
TDA.1,4812
TDC,7370
TDG,3728
TDI.2,4812
TDOC,8090
TDS,4812
TDS.S,4812
TDW.1,4400
TE,4931
TEAM,7370
TECH,2836
TER,3825
TER,3825
TEX,3530
TEX,3530
TFC,6020
TFC.PI,6020
TGH,7359
TGT,5331
TGT,5331
THC,8062
THC,8062
THE,1381
THO,3790
TIBX,7372
TIBX,7372
TIE,3350
TIF,5944
TIF,5944
TIN,2631
TIN,2631
TJX,5651
TJX,5651
TKPPY,1389
TKPPY,1389
TLAB,3661
TLAB,3661
TLGD,3825
TLRY,2834
TLRY.,2834
TLWT,4813
TMO,3826
TMO,3826
TMUS,4812
TNDM,3845
TNHPY,1389
TOL,1531
TOL,1531
TOST,7389
TOY,5945
TPR,3100
TPX,2510
TQNT,3674
TRA,2870
TRA,2870
TRA.2,2870
TRA.2,2870
TRB,4833
TRBC.1,4833
TRGP,4923
TRI,7370
TRI.,7370
TRIP,7370
TRN,3743
TROW,6282
TROW,6282
TRV,6331
TRV,6331
TRW,3714
TRW,3714
TRY,5812
TSCO,5200
TSLA,3711
TSN,2011
TSRO,2836
TSS,7389
TT,3585
TTD,7370
TTN,7373
TTWO,7372
TTWO,7372
TW,7370
TWC,4841
TWC,4841
TWLO,7370
TWTR,7370
TWX,4888
TWX,4888
TX,3312
TXN,3674
TXN,3674
TXT,3721
TXT,3721
TXT.PA,3721
TXT.PA,3721
TXT.PB,3721
TXT.PB,3721
TXU,4911
TYL,7373
U,7372
UA,2300
UAA,2300
UAL,4512
UAL,4512
UB,6020
UBER,4100
UDS,2911
UHID,8062
UHID,8062
UHS,8062
UHS,8062
UIS,7373
ULR.,2911
ULTA,5990
ULTI,7372
UNH,6324
UNH,6324
UNM,6321
UNM,6321
UNM.PA,6321
UNN,6321
UNP,4011
UNP,4011
UPS,4210
UPS,4210
UPST,6141
URBN,5651
URBN,5651
URI,7350
URS,8711
USB,6020
USB,6020
USB.PA,6020
USB.PP,6020
USB.PQ,6020
USM,4812
USWB,7373
UTHR,2834
UTSI,3663
UZG,4812
UZV,4812
V,6099
V,6099
VAR,3845
VAR,3845
VECO,3559
VEEV,7370
VERT,7372
VERT.U,3679
VFC,2300
VFC,2300
VIA.1,4833
VIA.1,4833
VIAB,4833
VIAB,4833
VIGN,7372
VLO,2911
VLO,2911
VMC,1400
VMC,1400
VMED,4841
VMED,4841
VMEDW,4841
VMW,7373
VMW,7373
VOYA,6311
VPHM,2834
VRSK,8742
VRSN,7370
VRSN,7370
VRT,3679
VRTA,6799
VRTS,6282
VRTX,2834
VRTX,2834
VRUS,5140
VSEA,3559
VSEA,3559
VSH,3670
VST,4911
VTSS,3674
VZ,4812
VZ,4812
W,5961
WAB,3743
WAL,6020
WAT,3826
WAT,3826
WBA,5912
WBD,4841
WCC,5063
WCG,6324
WCG,6324
WCOEQ,4813
WCOMP,4813
WDAY,7370
WDC,3572
WDC,3572
WEC,4931
WEC,4931
WEN,5812
WFC,6020
WFC,6020
WFC.PJ,6020
WFC.PJ,6020
WFC.PL,6020
WFC.PL,6020
WFC.PY,6020
WFM,5411
WHIT,1311
WHR,3630
WHR,3630
WKHS,3711
WLA,2834
WLL,1311
WLL.2,1311
WLL.2,1311
WM,4953
WM,4953
WMB,4922
WMB,4922
WMT,5331
WMT,5331
WOLF,3674
WOOF,5990
WORK,7370
WP,7374
WPX,1311
WSM,5961
WSM,5961
WST,3060
WTW,6411
WTW,6411
WU,6099
WU,6099
WWAV,2020
WWAV.B,2020
WWCA,3523
WWY,2060
WY,2400
WYE,2834
WYE.P,2834
WYNN,7990
WYNN,7990
X,3312
X,3312
XEC,1311
XEL,4931
XEL,4931
XEL.PA,4931
XEL.PB,4931
XEL.PC,4931
XEL.PD,4931
XEL4,4911
XGM,3711
XLNX,3674
XLNX,3674
XMSR,4832
XOM,2911
XOM,2911
XOXO,7370
XPO,4213
XRAY,3843
XRAY,3843
XRX,3577
XRX,3577
XTO,1311
XTO,1311
XYL,3561
YELP,7370
YUM,5812
YUM,5812
YUMC,5812
Z,7370
Z.1,5661
Z.1,5661
ZAYO,4899
ZBH,3842
ZBRA,3577
ZEN,7370
ZG,7370
ZI,7370
ZION,6020
ZION,6020
ZM,7370
ZNGA,7372
ZS,7370
ZTS,2834
ZTS.WI,2834
